year,all_radiology,radiology_ai,pediatric_radiology,pediatric_radiology_ai,ai_share_of_radiology,pediatric_share_of_radiology_ai,ai_share_of_pediatric_radiology
2008,78621,692,14751,58,0.0088,0.08382,0.00393
2009,84008,693,15553,57,0.00825,0.08225,0.00366
2010,90535,538,17213,47,0.00594,0.08736,0.00273
2011,98530,467,18419,59,0.00474,0.12634,0.0032
2012,105206,533,19498,60,0.00507,0.11257,0.00308
2013,111000,637,21038,68,0.00574,0.10675,0.00323
2014,116546,725,22754,106,0.00622,0.14621,0.00466
2015,122324,828,23515,128,0.00677,0.15459,0.00544
2016,121238,971,23180,146,0.00801,0.15036,0.0063
2017,124188,1432,24253,192,0.01153,0.13408,0.00792
2018,126805,2382,24596,324,0.01878,0.13602,0.01317
2019,130692,3896,24865,479,0.02981,0.12295,0.01926
2020,149316,6134,26947,623,0.04108,0.10157,0.02312
2021,159653,9096,27270,849,0.05697,0.09334,0.03113
2022,151530,11202,23671,931,0.07393,0.08311,0.03933
2023,143281,12362,22448,1105,0.08628,0.08939,0.04922
2024,149560,14351,25498,1532,0.09595,0.10675,0.06008
2025,161871,17824,28336,2016,0.11011,0.11311,0.07115
2026,133040,15083,22837,1731,0.11337,0.11476,0.0758
